order,family,genus,species,type,country,latitude,longitude,Extent,rank,certainty,binomialDiprotodontia,Macropodidae,Macropus,robustus,Holotype,Australia,-20.945554,130.919363,2365000,1,80,Macropus_robustusDidelphimorphia,Didelphidae,Caluromys,philander,Holotype,NA,4.126394,-55.911827,282000,3.1,100,Caluromys_philanderDidelphimorphia,Didelphidae,Marmosa,murina,Paralectotype,NA,4.126394,-55.911827,282000,3.1,100,Marmosa_murinaDidelphimorphia,Didelphidae,Marmosa,murina,Holotype,NA,4.126394,-55.911827,282000,3.1,100,Marmosa_murinaDidelphimorphia,Didelphidae,Marmosa,murina,Lectotype,NA,4.126394,-55.911827,282000,3.1,100,Marmosa_murinaDasyuromorphia,Dasyuridae,Antechinus,stuartii,Lectotype,Australia,-33.337034,151.502963,27640,1,80,Antechinus_stuartiiDiprotodontia,Potoroidae,Bettongia,gaimardi,Holotype,Australia,-42.021389,146.593333,353000,3.1,100,Bettongia_gaimardiDiprotodontia,Potoroidae,Bettongia,penicillata,Holotype,Australia,-34.349483,138.598461,64374,4.3,80,Bettongia_penicillataDasyuromorphia,Dasyuridae,Antechinus,flavipes,Holotype,Australia,-34.928571,138.600724,31000,3.3,60,Antechinus_flavipesMonotremata,Tachyglossidae,Tachyglossus,aculeatus,Syntype ?,Australia.,-34.928571,138.600724,2513,3.3,40,Tachyglossus_aculeatusDiprotodontia,Pseudocheiridae,Pseudocheirus,peregrinus,Holotype,Australia,-27.536933,151.984061,2703,3.6,60,Pseudocheirus_peregrinusDasyuromorphia,Dasyuridae,Pseudantechinus,mimulus,Holotype,Australia,-19.057778,136.707778,7239,3.3,40,Pseudantechinus_mimulusDiprotodontia,Macropodidae,Macropus,robustus,Holotype,Australia,-19.057778,136.707778,7239,3.3,40,Macropus_robustusDasyuromorphia,Dasyuridae,Sminthopsis,macroura,Holotype,Australia,-19.5,135.75,96390,3.2,80,Sminthopsis_macrouraDidelphimorphia,Didelphidae,Thylamys,pallidior,Holotype,Argentina,-30.086467,-67.588288,118840,4.2,60,Thylamys_pallidiorDidelphimorphia,Didelphidae,Micoureus,constantiae,Holotype,Argentina,-23.565549,-64.384224,42000,3.5,40,Micoureus_constantiaeDidelphimorphia,Didelphidae,Marmosa,robinsoni,Holotype,West Indies,12.116527,-61.679003,18000,3.4,100,Marmosa_robinsoniDidelphimorphia,Didelphidae,Caluromys,derbianus,Holotype,Colombia,5.106662,-75.940864,693,3.3,40,Caluromys_derbianusDiprotodontia,Macropodidae,Dendrolagus,goodfellowi,Syntype,NA,-6.499989,145.833333,198000,3.6,80,Dendrolagus_goodfellowiDiprotodontia,Macropodidae,Dendrolagus,goodfellowi,Syntype,NA,-6.499989,145.833333,198000,3.6,80,Dendrolagus_goodfellowiDiprotodontia,Pseudocheiridae,Pseudocheirus,coronatus,Holotype,NA,-1.1725,133.491944,85000,3.6,80,Pseudocheirus_coronatusDiprotodontia,Pseudocheiridae,Psuedochirulus,schlegeli,Holotype,NA,-1.1725,133.491944,85000,3.6,80,Psuedochirulus_schlegeliDasyuromorphia,Dasyuridae,Phascomurexia,naso,Holotype,NA,-1.1725,133.491944,85000,3.6,80,Phascomurexia_nasoDasyuromorphia,Dasyuridae,Phascolosorex,doriae,Holotype,NA,-1.1725,133.491944,85000,3.6,80,Phascolosorex_doriaeDiprotodontia,Macropodidae,Dendrolagus,dorianus,Syntype,NA,-8.916949,146.968388,33000,3.5,80,Dendrolagus_dorianusDiprotodontia,Macropodidae,Dendrolagus,dorianus,Syntype,NA,-8.916949,146.968388,33000,3.5,80,Dendrolagus_dorianusDiprotodontia,Macropodidae,Dendrolagus,dorianus,Syntype,NA,-8.916949,146.968388,33000,3.5,80,Dendrolagus_dorianusDasyuromorphia,Dasyuridae,Dasyurus,geoffroii,Holotype,Australia,-33.339049,116.97237,47000,3.5,60,Dasyurus_geoffroiiDasyuromorphia,Dasyuridae,Myoictis,wallacii,Holotype,NA,-6.194536,134.550213,97000,3.4,100,Myoictis_wallaciiDasyuromorphia,Dasyuridae,Sminthopsis,virginiae,Holotype,NA,-6.194536,134.550213,97000,3.4,100,Sminthopsis_virginiaeDiprotodontia,Petauridae,Dactylopsila,trivirgata,Holotype,NA,-6.194536,134.550213,97000,3.4,100,Dactylopsila_trivirgataDiprotodontia,Vombatidae,Lasiorhinus,latifrons,Holotype,Australia,-25.734969,134.489563,2302000,3.1,100,Lasiorhinus_latifronsDiprotodontia,Vombatidae,Lasiorhinus,latifrons,Holotype,Australia,-25.734969,134.489563,2302000,3.1,100,Lasiorhinus_latifronsDiprotodontia,Vombatidae,Lasiorhinus,latifrons,Holotype,Australia,-25.734969,134.489563,2302000,3.1,100,Lasiorhinus_latifronsDiprotodontia,Vombatidae,Lasiorhinus,latifrons,Holotype,Australia,-25.734969,134.489563,2302000,3.1,100,Lasiorhinus_latifronsPeramelemorphia,Peramelidae,Macrotis,leucura,Holotype,Australia,-25.734969,134.489563,2302000,3.1,100,Macrotis_leucuraPeramelemorphia,Peramelidae,Microperoryctes,longicauda,Holotype,NA,-8.916949,146.968388,33000,3.5,60,Microperoryctes_longicaudaDasyuromorphia,Dasyuridae,Dasyurus,albopunctatus,Holotype,NA,-8.916949,146.968388,33000,3.5,60,Dasyurus_albopunctatusDidelphimorphia,Didelphidae,Monodelphis,rubida,Holotype,Brazil,-12.579726,-41.700724,678000,3.2,100,Monodelphis_rubidaDasyuromorphia,Dasyuridae,Phascomurexia,naso,Holotype,NA,-5.499957,144.750011,163000,3.6,80,Phascomurexia_nasoDidelphimorphia,Didelphidae,Caluromys,derbianus,Holotype,Ecuador,-0.91667,-79.91667,230000,3.6,80,Caluromys_derbianusDasyuromorphia,Dasyuridae,Antechinus,flavipes,Holotype,Australia,-32.040311,115.955243,12000,3.5,60,Antechinus_flavipesPeramelemorphia,Peramelidae,Isoodon,auratus,Holotype,Australia,-20.780426,115.402274,15000,3.4,100,Isoodon_auratusDiprotodontia,Macropodidae,Macropus,robustus,Holotype,Australia,-20.780426,115.402274,15000,3.4,100,Macropus_robustusDiprotodontia,Macropodidae,Lagorchestes,conspicillatus,Holotype,Australia,-20.780426,115.402274,15000,3.4,100,Lagorchestes_conspicillatusDiprotodontia,Phalangeridae,Phalanger,ornatus,Holotype,NA,-0.56738,127.510818,50000,3.4,100,Phalanger_ornatusDiprotodontia,Phalangeridae,Phalanger,ornatus,Holotype,NA,-0.56738,127.510818,50000,3.4,100,Phalanger_ornatusDiprotodontia,Macropodidae,Lagorchestes,hirsutus,Holotype,Australia,-24.850418,113.1382,15000,3.4,100,Lagorchestes_hirsutusDidelphimorphia,Didelphidae,Lutreolina,crassicaudata,Holotype,Guyana,4.792017,-58.974781,432000,3.1,100,Lutreolina_crassicaudataDiprotodontia,Pseudocheiridae,Pseudocheirus,cupreus,Holotype,NA,-5.043492,138.661561,87000,3.5,80,Pseudocheirus_cupreusDiprotodontia,Macropodidae,Petrogale,godmani,Holotype,Australia,-15.668056,145.231944,3474,3.6,80,Petrogale_godmaniDiprotodontia,Pseudocheiridae,Pseudocheirus,peregrinus,Holotype,Australia,-20.695979,148.579298,17000,3.2,80,Pseudocheirus_peregrinusDidelphimorphia,Didelphidae,Micoureus,alstoni,Holotype,Nicaragua,12.0111,-83.7704,3212,3.3,60,Micoureus_alstoniDidelphimorphia,Didelphidae,Caluromys,derbianus,Holotype,Panama,8.584897,-82.388578,104000,3.2,80,Caluromys_derbianusDidelphimorphia,Didelphidae,Monodelphis,emiliae,Holotype,Brazil,-2.830389,-55.173096,919,3.4,100,Monodelphis_emiliaePeramelemorphia,Peroryctidae,Microperoryctes,papuensis,Holotype,NA,-9.95,149.416667,5672,3.6,80,Microperoryctes_papuensisDidelphimorphia,Didelphidae,Monodelphis,americana,Holotype,West Indies,10.673698,-61.512133,307,3.8,80,Monodelphis_americanaDiprotodontia,Macropodidae,Macropus,robustus,Holotype,Australia,-21.741189,121.983236,1064000,3.2,80,Macropus_robustusDidelphimorphia,Didelphidae,Monodelphis,scalops,Holotype,Brazil,-10.773109,-53.08982,2560000,3.1,100,Monodelphis_scalopsDidelphimorphia,Didelphidae,Monodelphis,scalops,Holotype,Brazil,-10.773109,-53.08982,2560000,3.1,100,Monodelphis_scalopsDasyuromorphia,Dasyuridae,Planigale,ingrami,Holotype,Australia,-19.057778,136.707778,7239,3.3,40,Planigale_ingramiDidelphimorphia,Didelphidae,Gracilinanus,agilis,Holotype,Bolivia,-17.458889,-63.659167,11000,3.3,60,Gracilinanus_agilisDidelphimorphia,Didelphidae,Marmosops,impavidus,Holotype,Bolivia,-17.458889,-63.659167,11000,3.3,60,Marmosops_impavidusDidelphimorphia,Didelphidae,Marmosa,lepida,Holotype,Bolivia,-17.458889,-63.659167,11000,3.3,60,Marmosa_lepidaDidelphimorphia,Didelphidae,Monodelphis,brevicaudata,Holotype,Venezuela,7.612898,-66.147474,6672,3.3,60,Monodelphis_brevicaudataDidelphimorphia,Didelphidae,Monodelphis,maraxina,Holotype,Brazil,-0.940186,-49.639309,158000,3.4,80,Monodelphis_maraxinaDidelphimorphia,Didelphidae,Monodelphis,dimidiata,Holotype,Argentina,-35.116667,-64.516667,4721,3.3,60,Monodelphis_dimidiataDidelphimorphia,Didelphidae,Didelphis,virginiana,Holotype,USA,37.166111,-119.449444,676000,3.1,100,Didelphis_virginianaDasyuromorphia,Dasyuridae,Murexia,longicaudata,Holotype,NA,-4.199989,137.000011,259000,3.6,80,Murexia_longicaudataDidelphimorphia,Didelphidae,Marmosa,robinsoni,Holotype,West Indies,10.375716,-61.233558,84000,3.4,100,Marmosa_robinsoniDiprotodontia,Macropodidae,Wallabia,bicolor,Holotype,NA,-16.86667,145.916667,7026,3.7,80,Wallabia_bicolorDidelphimorphia,Didelphidae,Lestodelphys,halli,Holotype,Argentina,-47.1,-65.883333,157000,3.7,100,Lestodelphys_halliDiprotodontia,Phalangeridae,Spilocuscus,maculatus,Holotype,Australia,-14.799257,143.237433,556000,3.7,100,Spilocuscus_maculatusDiprotodontia,Phalangeridae,Spilocuscus,maculatus,Holotype,Australia,-14.799257,143.237433,556000,3.7,100,Spilocuscus_maculatusDidelphimorphia,Didelphidae,Thylamys,venustus,Holotype,Bolivia,-21.562225,-63.973424,188000,3.2,80,Thylamys_venustusDidelphimorphia,Didelphidae,Micoureus,demerarae,Holotype,Brazil,-5.498394,-39.320622,362000,3.2,100,Micoureus_demeraraeDiprotodontia,Phalangeridae,Ailurops,ursinus,Syntype,NA,-2,121,619000,3.4,100,Ailurops_ursinusDiprotodontia,Phalangeridae,Ailurops,ursinus,Syntype,NA,-2,121,619000,3.4,100,Ailurops_ursinusDidelphimorphia,Didelphidae,Thylamys,pallidior,Holotype,Bolivia,-18.90054,-66.769487,1656,3.3,40,Thylamys_pallidiorMonotremata,Tachyglossidae,Zaglossus,bruijni,Holotype,NA,-4.0598,135.5049,73000,3.6,60,Zaglossus_bruijniMonotremata,Tachyglossidae,Zaglossus,bruijni,Holotype,NA,-4.0598,135.5049,73000,3.6,60,Zaglossus_bruijniMonotremata,Tachyglossidae,Zaglossus,bruijni,Holotype,New Guinea,-4.0598,135.5049,73000,3.6,60,Zaglossus_bruijniMonotremata,Tachyglossidae,Zaglossus,bruijni,Holotype,New Guinea,-4.0598,135.5049,73000,3.6,60,Zaglossus_bruijniDasyuromorphia,Dasyuridae,Antechinomys,laniger,Holotype,Australia,-25,133.5,188150,3.2,80,Antechinomys_lanigerDidelphimorphia,Didelphidae,Metachirus,nudicaudatus,Holotype,Bolivia,-16.714611,-64.670931,806000,3.1,100,Metachirus_nudicaudatusDiprotodontia,Phalangeridae,Trichosurus,vulpecula,Holotype,Australia,-41.11,145.04,81000,3.2,80,Trichosurus_vulpeculaDasyuromorphia,Dasyuridae,Sminthopsis,leucopus,Lectotype,Australia,-33.337034,151.502963,27640,4.2,80,Sminthopsis_leucopusDidelphimorphia,Didelphidae,Didelphis,marsupialis,Holotype,Panama,7.46931,-81.75682,23000,3.4,100,Didelphis_marsupialisDidelphimorphia,Didelphidae,Micoureus,demerarae,Holotype,Guyana,5.89194,-58.308283,64374,4.4,80,Micoureus_demeraraeDidelphimorphia,Didelphidae,Philander,opossum,Holotype,Colombia,5.089547,-76.652079,1020,3.3,40,Philander_opossumDiprotodontia,Petauridae,Petauroides,volans,Holotype,Australia,-23.866671,149.566666,19000,3.3,60,Petauroides_volansDiprotodontia,Macropodidae,Petrogale,rothschildi,Holotype,Australia,-20.719657,123.009207,991000,3.2,100,Petrogale_rothschildiDiprotodontia,Macropodidae,Dendrolagus,matschiei,Holotype,NA,-6.216667,147.366667,241000,3.6,80,Dendrolagus_matschieiDidelphimorphia,Didelphidae,Gracilinanus,dryas,Holotype,Venezuela,8.48,-71.19,101000,3.2,100,Gracilinanus_dryasDidelphimorphia,Didelphidae,Monodelphis,domestica,Syntype,Brazil,-15.601409,-56.09789,19000,3.3,60,Monodelphis_domesticaDiprotodontia,Phalangeridae,Trichosurus,arnhemensis,Syntype,Australia,-13.843609,131.1463,130000,3.5,60,Trichosurus_arnhemensisDasyuromorphia,Dasyuridae,Sminthopsis,virginiae,Syntype,Australia,-13.843609,131.1463,130000,3.5,60,Sminthopsis_virginiaeDasyuromorphia,Dasyuridae,Sminthopsis,macroura,Syntype,Australia,-32.163149,147.032209,7689000,3.2,100,Sminthopsis_macrouraDidelphimorphia,Didelphidae,Marmosa,murina,Holotype,Guyana,5.55257,-58.37463,145000,3.5,80,Marmosa_murinaDiprotodontia,Macropodidae,Onychogalea,unguifera,Holotype,Australia,-17.35,123.683333,17000,3.3,80,Onychogalea_unguiferaMonotremata,Ornithorhynchidae,Ornithorhyncus,anatinus,Holotype,NA,-17.151293,145.457492,4898,3.5,80,Ornithorhyncus_anatinusDasyuromorphia,Dasyuridae,Antechinus,stuartii,Holotype,Australia,-17.151293,145.457492,4898,3.5,80,Antechinus_stuartiiDasyuromorphia,Dasyuridae,Antechinus,godmani,Holotype,Australia,-17.151293,145.457492,4898,3.5,80,Antechinus_godmaniPeramelemorphia,Peroryctidae,Microperoryctes,longicauda,Holotype,NA,-3.5,138.5,4062,3.7,40,Microperoryctes_longicaudaDiprotodontia,Macropodidae,Dorcopsulus,vanheurni,Holotype,NA,-3.5,138.5,4062,3.7,40,Dorcopsulus_vanheurniDiprotodontia,Macropodidae,Lagorchestes,hirsutus,Holotype,Australia,-25.138232,113.100595,16000,3.4,100,Lagorchestes_hirsutusDiprotodontia,Macropodidae,Thylogale,browni,Holotype,Australia,-4.166603,152.462159,6123,3.4,100,Thylogale_browniDiprotodontia,Phalangeridae,Phalanger,orientalis,Holotype,NA,-4.166603,152.462159,6123,3.4,100,Phalanger_orientalisDiprotodontia,Macropodidae,Dendrolagus,inustus,Holotype,NA,-4,136,799000,3.1,100,Dendrolagus_inustusPaucituberculata,Caenolestidae,Caenolestes,fuliginosus,Holotype,Ecuador,-1.427421,-78.767071,416000,3.1,100,Caenolestes_fuliginosusDiprotodontia,Macropodidae,Petrogale,herberti,Holotype,Australia,-25.3621,151.050922,17000,3.2,80,Petrogale_herbertiDiprotodontia,Petauridae,Petauroides,volans,Holotype,Australia,-25.3621,151.050922,17000,3.2,80,Petauroides_volansDiprotodontia,Macropodidae,Macropus,robustus,Holotype,Australia,-30.058333,135.763333,1012000,3.2,80,Macropus_robustusDiprotodontia,Phalangeridae,Phalanger,intercastellanus,Holotype,NA,-9.522145,150.674966,32000,3.4,100,Phalanger_intercastellanusDiprotodontia,Macropodidae,Macropus,agilis,Holotype,Australia,-18.347278,125.330885,206000,3.5,60,Macropus_agilisDiprotodontia,Macropodidae,Petrogale,xanthopus,Lectotype,Australia,-30.916667,138.616667,271000,3.6,80,Petrogale_xanthopusPeramelemorphia,Peramelidae,Isoodon,obesulus,Holotype,Australia,-32.451751,133.658724,3290,3.4,100,Isoodon_obesulusDidelphimorphia,Didelphidae,Marmosops,fuscatus,Holotype,Colombia,4.711003,-74.072056,30000,3.3,60,Marmosops_fuscatusDiprotodontia,Petauridae,Petaurus,australis,Holotype,Australia,-24.990833,151.955833,6997,3.3,60,Petaurus_australisDiprotodontia,Macropodidae,Petrogale,assimilis,Holotype,Australia,-20.412111,141.99807,351000,3.5,80,Petrogale_assimilisDidelphimorphia,Didelphidae,Caluromys,derbianus,Holotype,Panama,7.560437,-81.202303,2594,3.4,100,Caluromys_derbianusDidelphimorphia,Didelphidae,Thylamys,pusillus,Holotype,Argentina,-29.144224,-59.264323,4848,3.3,80,Thylamys_pusillusDiprotodontia,Macropodidae,Macropus,bernardus,Holotype,Australia,-12.855058,132.531445,12000,3.7,60,Macropus_bernardusDiprotodontia,Macropodidae,Macropus,bernardus,Holotype,Australia,-12.855058,132.531445,12000,3.7,60,Macropus_bernardusDiprotodontia,Macropodidae,Macropus,robustus,Holotype,Australia,-17.99999,124.083337,10000,3.6,60,Macropus_robustusDasyuromorphia,Dasyuridae,Planigale,maculatus,Holotype,Australia,-13.970044,136.593339,53000,3.4,100,Planigale_maculatusDiprotodontia,Macropodidae,Petrogale,brachyotis,Holotype,Australia,-13.970044,136.593339,53000,3.4,100,Petrogale_brachyotisDasyuromorphia,Dasyuridae,Dasyurus,hallucatus,Holotype,Australia,-13.970044,136.593339,53000,3.4,100,Dasyurus_hallucatusDidelphimorphia,Didelphidae,Marmosa,murina,Holotype,Ecuador,-3.4063,-78.5718,293,3.3,60,Marmosa_murinaDidelphimorphia,Didelphidae,Caluromys,derbianus,Holotype,Guatamala,15.702133,-90.356243,268000,3.1,100,Caluromys_derbianusDasyuromorphia,Dasyuridae,Antechinus,swainsonii,Holotype,Australia,-30.5,152.5,30,2,60,Antechinus_swainsoniiDiprotodontia,Macropodidae,Petrogale,brachyotis,Lectotype,Australia,-15.395419,125.019871,31000,3.7,80,Petrogale_brachyotisDasyuromorphia,Dasyuridae,Phascolosorex,dorsalis,Paralectotype,NA,-1.1725,133.491944,85000,3.6,80,Phascolosorex_dorsalisDasyuromorphia,Dasyuridae,Paramurexia,rothschildi,Holotype,NA,-8.675215,147.143153,10,3.7,40,Paramurexia_rothschildiDiprotodontia,Macropodidae,Hypsiprymnodon,moschatus,Lectotype,Australia,-18.244372,145.531125,88000,3.5,80,Hypsiprymnodon_moschatusDiprotodontia,Macropodidae,Dendrolagus,lumholtzi,Syntype,Australia,-18.951389,138.053333,5961,3.3,40,Dendrolagus_lumholtziDiprotodontia,Macropodidae,Macropus,eugenii,Lectotype,Australia,-28.436223,113.730561,1770,3.4,100,Macropus_eugeniiDiprotodontia,Macropodidae,Macropus,eugenii,Lectotype,Australia,-28.436223,113.730561,1770,3.4,100,Macropus_eugeniiMicrobiotheria,Microbiotheriidae,Dromiciops,gliroides,Holotype,NA,-42.116685,-73.449984,5958,3.3,60,Dromiciops_gliroidesDiprotodontia,Phalangeridae,Trichosurus,caninus,Holotype,Australia,-32.444505,150.777026,109000,3.4,80,Trichosurus_caninusDiprotodontia,Petauridae,Petaurus,breviceps,Holotype,NA,-7,147.45,71000,3.7,80,Petaurus_brevicepsDidelphimorphia,Didelphidae,Marmosa,murina,Holotype,Brazil,-1.151224,-47.566837,26000,3.3,80,Marmosa_murinaPeramelemorphia,Peroryctidae,Microperoryctes,longicauda,Holotype,NA,-10.033333,149.566667,2629,3.6,60,Microperoryctes_longicaudaDiprotodontia,Pseudocheiridae,Pseudocheirus,corinnae,Holotype,NA,-10.033333,149.566667,2629,3.6,60,Pseudocheirus_corinnaeDidelphimorphia,Didelphidae,Metachirus,nudicaudatus,Holotype,Peru,-13.621243,-70.031123,105000,3.5,60,Metachirus_nudicaudatusDiprotodontia,Macropodidae,Lagorchestes,conspicillatus,Holotype,Australia,-19.6917,147.4695,13000,3.3,60,Lagorchestes_conspicillatusDiprotodontia,Macropodidae,Wallabia,bicolor,Holotype,Australia,-19.69139,147.469505,13000,3.3,80,Wallabia_bicolorDiprotodontia,Phalangeridae,Trichosurus,vulpecula,Holotype,Australia,-19.6917,147.4695,13000,3.3,80,Trichosurus_vulpeculaDiprotodontia,Macropodidae,Lagorchestes,leporides,Lectotype,Australia,-32.163149,147.032209,7689000,3.2,100,Lagorchestes_leporidesDasyuromorphia,Dasyuridae,Antechinomys,laniger,Holotype,Australia.,-32.163149,147.032209,7689000,3.2,100,Antechinomys_lanigerDasyuromorphia,Dasyuridae,Antechinomys,laniger,Holotype,Australia.,-32.163149,147.032209,7689000,3.2,100,Antechinomys_lanigerDidelphimorphia,Didelphidae,Gracilinanus,agilis,Holotype,Brazil,-4.363579,-40.682568,24000,3.3,80,Gracilinanus_agilisPeramelemorphia,Peramelidae,Isoodon,obesulus,Holotype,Australia,-42.872414,147.378577,1501,3.3,60,Isoodon_obesulusDasyuromorphia,Dasyuridae,Sminthopsis,crassicaudata,Holotype,Australia,-28.575546,138.55165,3333,3.7,60,Sminthopsis_crassicaudataDasyuromorphia,Dasyuridae,Dasycercus,cristicauda,Holotype,Australia,-28.575546,138.55165,3333,3.7,60,Dasycercus_cristicaudaDasyuromorphia,Dasyuridae,Dasyuroides,byrnei,Holotype,Australia,-28.575546,138.55165,3333,3.7,60,Dasyuroides_byrneiPeramelemorphia,Peramelidae,Macrotis,lagotis,Holotype,NA,-28.575546,138.55165,3333,3.7,60,Macrotis_lagotisDiprotodontia,Pseudocheiridae,Pseudocheirus,peregrinus,Holotype,Australia,-35.033333,117.933333,11000,3.7,80,Pseudocheirus_peregrinusPeramelemorphia,Peramelidae,Isoodon,obesulus,Holotype,Australia,-35.033333,117.933333,11000,3.7,80,Isoodon_obesulusDiprotodontia,Macropodidae,Potorous,gilbertii,Holotype,Australia,-35.033333,117.933333,11000,3.7,80,Potorous_gilbertiiDiprotodontia,Macropodidae,Potorous,gilbertii,Holotype,Australia,-35.033333,117.933333,11000,3.7,80,Potorous_gilbertiiDiprotodontia,Tarsipedidae,Tarsipes,rostratus,Holotype,Australia,-35.033333,117.933333,11000,3.7,80,Tarsipes_rostratusDiprotodontia,Burramyidae,Cercartetus,concinnus,Holotype,Australia,-35.033333,117.933333,11000,3.7,80,Cercartetus_concinnusDiprotodontia,Macropodidae,Petrogale,brachyotis,Holotype,Australia,-14.810668,132.480397,78000,3.5,60,Petrogale_brachyotisDiprotodontia,Phalangeridae,Phalanger,intercastellanus,Holotype,NA,-8.509386,151.070428,32000,3.4,100,Phalanger_intercastellanusDiprotodontia,Pseudocheiridae,Pseudochirulus,caroli,Holotype,NA,-4.755713,136.862449,811000,3.2,100,Pseudochirulus_caroliDiprotodontia,Petauridae,Dactylopsila,trivirgata,Holotype,NA,-8.877286,147.737447,1556,3.3,60,Dactylopsila_trivirgataDidelphimorphia,Didelphidae,Marmosops,incanus,Holotype,Brazil,-11.757098,-38.945476,23000,3.3,80,Marmosops_incanusDidelphimorphia,Didelphidae,Lutreolina,crassicaudata,Holotype,Argentina,-32.483333,-61.583333,2513,3.3,60,Lutreolina_crassicaudataDiprotodontia,Pseudocheiridae,Pseudochirulus,canescens,Holotype,NA,-8.151288,147.864121,29000,3.5,60,Pseudochirulus_canescensDiprotodontia,Phalangeridae,Ailurops,melanotis,Holotype,NA,3.933327,126.683336,16000,3.4,100,Ailurops_melanotisPeramelemorphia,Peramelidae,Perameles,bougainville,Lectotype,Australia,-31.279614,150.074042,95000,3.2,80,Perameles_bougainvilleDasyuromorphia,Dasyuridae,Dasyurus,geoffroii,Holotype,Australia,-31.279614,150.074042,95000,3.2,80,Dasyurus_geoffroiiDiprotodontia,Phalangeridae,Strigocuscus,celebensis,Holotype,NA,-1.5,127.75,49000,3.4,100,Strigocuscus_celebensisDiprotodontia,Phalangeridae,Strigocuscus,celebensis,Holotype,NA,-1.5,127.75,49000,3.4,100,Strigocuscus_celebensisDidelphimorphia,Didelphidae,Didelphis,pernigra,Holotype,Ecuador,-4.163495,-79.560328,103000,3.2,80,Didelphis_pernigraDidelphimorphia,Didelphidae,Lutreolina,crassicaudata,Holotype,Argentina,-36.766812,-60.718941,507000,3.2,100,Lutreolina_crassicaudataDiprotodontia,Phalangeridae,Strigocuscus,celebensis,Holotype,NA,-5.133333,119.416667,14000,3.3,60,Strigocuscus_celebensisDidelphimorphia,Didelphidae,Monodelphis,dimidiata,Holotype,Uruguay,-34.539432,-54.819319,75000,3.2,80,Monodelphis_dimidiataDidelphimorphia,Didelphidae,Caluromys,philander,Holotype,Venezuela,7.4147,-65.19,685,3.3,60,Caluromys_philanderDiprotodontia,Pseudocheiridae,Petropseudes,dahli,Syntype,Australia,-13.14219,131.845028,108000,3.5,60,Petropseudes_dahliDiprotodontia,Macropodidae,Petrogale,brachyotis,Holotype,Australia,-13.14219,131.845028,108000,3.5,60,Petrogale_brachyotisDiprotodontia,Macropodidae,Macropus,robustus,Holotype,Australia,-18.733282,127.466713,19000,3.6,60,Macropus_robustusDidelphimorphia,Didelphidae,Didelphis,pernigra,Holotype,Venezuela,8.48,-71.19,101000,3.2,100,Didelphis_pernigraPeramelemorphia,Peroryctidae,Echymipera,rufescens,Holotype,NA,-4,136,799000,3.1,100,Echymipera_rufescensDidelphimorphia,Didelphidae,Metachirus,nudicaudatus,Holotype,Ecuador,-0.048717,-78.77518,28000,3.3,60,Metachirus_nudicaudatusDidelphimorphia,Didelphidae,Caluromys,derbianus,Holotype,Ecuador,-0.048717,-78.77518,28000,3.3,60,Caluromys_derbianusDidelphimorphia,Didelphidae,Marmosops,impavidus,Holotype,Ecuador,-0.048717,-78.77518,28000,3.3,60,Marmosops_impavidusDidelphimorphia,Didelphidae,Thylamys,pusillus,Holotype,Paraguay,-23.236211,-58.391024,540000,3.1,100,Thylamys_pusillusDiprotodontia,Macropodidae,Petrogale,lateralis,Holotype,Australia,-34.133738,122.245537,3225,3.4,100,Petrogale_lateralisDasyuromorphia,Dasyuridae,Phascolosorex,doriae,Paralectotype,NA,-1.156389,133.979722,5510,3.6,60,Phascolosorex_doriaeDasyuromorphia,Dasyuridae,Murexechinus,melanurus,Paralectotype,NA,-7.421011,145.783347,643000,3.1,100,Murexechinus_melanurusDiprotodontia,Pseudocheiridae,Pseudocheirus,coronatus,Holotype,NA,-1.156389,133.979722,5510,3.6,60,Pseudocheirus_coronatusPeramelemorphia,Peroryctidae,Peroryctes,raffrayana,Syntype ?,NA,-6.310833,147.090833,221000,3.6,80,Peroryctes_raffrayanaDiprotodontia,Burramyidae,Distoechurus,pennatus,Holotype,NA,-5.012222,141.347016,1222000,3.4,100,Distoechurus_pennatusDasyuromorphia,Dasyuridae,Murexechinus,melanurus,Holotype,NA,-4,136,799000,3.1,100,Murexechinus_melanurusDiprotodontia,Pseudocheiridae,Pseudochirulus,mayeri,Syntype,NA,-3.870769,135.870833,92000,3.6,80,Pseudochirulus_mayeriDiprotodontia,Pseudocheiridae,Pseudochirulus,mayeri,Syntype,NA,-3.870769,135.870833,92000,3.6,80,Pseudochirulus_mayeriDiprotodontia,Pseudocheiridae,Pseudochirulus,caroli,Holotype,NA,-3.870769,135.870833,92000,3.6,80,Pseudochirulus_caroliDasyuromorphia,Dasyuridae,Neophascogale,lorentzi,Holotype,NA,-3.870769,135.870833,92000,3.6,80,Neophascogale_lorentziDiprotodontia,Macropodidae,Dendrolagus,ursinus,Syntype,NA,-3.71237,134.11506,20000,3.2,80,Dendrolagus_ursinusPeramelemorphia,Peroryctidae,Rhynchomeles,prattorum,Holotype,NA,-3.016649,129.486442,185000,3.4,100,Rhynchomeles_prattorumDiprotodontia,Pseudocheiridae,Pseudocheirus,cupreus,Holotype,NA,-8.8925,147.533333,3260,3.6,60,Pseudocheirus_cupreusMonotremata,Tachyglossidae,Zaglossus,bartoni,Holotype,NA,-8.8925,147.533333,3260,3.6,40,Zaglossus_bartoniDiprotodontia,Macropodidae,Macropus,robustus,Holotype,Australia,-20.100014,147.73331,7860,3.6,60,Macropus_robustusDasyuromorphia,Dasyuridae,Neophascogale,lorentzi,Holotype,NA,-4,136,799000,3.1,100,Neophascogale_lorentziPeramelemorphia,Peramelidae,Chaeropus,ecaudatus,Holotype,Australia,-30.058333,135.763333,2241000,3.2,100,Chaeropus_ecaudatusDiprotodontia,Macropodidae,Dorcopsis,muelleri,Holotype,NA,-1.894722,130.083611,40000,3.4,100,Dorcopsis_muelleriDiprotodontia,Pseudocheiridae,Pseudochirulus,canescens,Holotype,NA,-3.581464,140.963461,1322000,3.2,100,Pseudochirulus_canescensDiprotodontia,Macropodidae,Petrogale,concinna,Holotype,Australia,-14.053611,126.592109,20000,3.1,60,Petrogale_concinnaDasyuromorphia,Dasyuridae,Planigale,maculatus,Holotype,Australia,-29.362262,152.55466,85000,3.5,80,Planigale_maculatusPeramelemorphia,Peramelidae,Perameles,bougainville,Holotype,Australia,-31.888333,116.768611,15250,4.5,60,Perameles_bougainvilleDiprotodontia,Macropodidae,Petrogale,concinna,Holotype,Australia,-12.533974,132.423548,37000,3.5,60,Petrogale_concinnaPeramelemorphia,Peroryctidae,Echymipera,kalubu,Holotype,NA,-5.733333,150.733333,269000,3.4,100,Echymipera_kalubuDiprotodontia,Macropodidae,Macropus,agilis,Holotype,NA,-5.012222,141.347016,1222000,3.4,100,Macropus_agilisMonotremata,Ornithorhynchidae,Ornithorhyncus,anatinus,Holotype,NA,-33.868806,151.209306,65000,3.3,100,Ornithorhyncus_anatinusDiprotodontia,Macropodidae,Potorous,tridactylus,Holotype,Australia,-42.782778,147.059444,3326,3.3,60,Potorous_tridactylusDiprotodontia,Potoroidae,Aepyprymnus,rufescens,Holotype,Australia,-32.163149,147.032209,7689000,3.2,100,Aepyprymnus_rufescensDiprotodontia,Macropodidae,Aepyprymnus,rufescens,Holotype,Australia,-32.163149,147.032209,7689000,3.2,100,Aepyprymnus_rufescensDiprotodontia,Potoroidae,Bettongia,penicillata,Holotype,Australia,-32.163149,147.032209,7689000,3.2,100,Bettongia_penicillataDiprotodontia,Macropodidae,Macropus,parma,Holotype,Australia,-32.163149,147.032209,7689000,3.2,100,Macropus_parmaDiprotodontia,Macropodidae,Onychogalea,fraenata,Holotype,Australia,-32.163149,147.032209,7689000,3.2,100,Onychogalea_fraenataDiprotodontia,Petauridae,Petaurus,breviceps,Holotype,Australia,-32.163149,147.032209,7689000,3.2,100,Petaurus_brevicepsDiprotodontia,Macropodidae,Potorous,tridactylus,Holotype,Australia,-32.163149,147.032209,7689000,3.2,100,Potorous_tridactylusDiprotodontia,Burramyidae,Acrobates,pygmaeus,Lectotype,Australia,-32.163149,147.032209,7689000,3.2,100,Acrobates_pygmaeusNotoryctemorphia,Notoryctidae,Notoryctes,typhlops,Holotype,Australia,-19.616667,120.983333,148000,3.7,60,Notoryctes_typhlopsDasyuromorphia,Dasyuridae,Antechinus,flavipes,Holotype,Australia,-32.444505,150.777026,109000,3.5,80,Antechinus_flavipesDasyuromorphia,Dasyuridae,Sminthopsis,murina,Holotype,Australia,-32.444505,150.777026,109000,3.5,80,Sminthopsis_murinaDiprotodontia,Macropodidae,Macropus,robustus,Syntype,Australia,-19.383333,133.357778,1007000,3.2,100,Macropus_robustusDiprotodontia,Macropodidae,Macropus,robustus,Syntype,Australia,-19.383333,133.357778,1007000,3.2,100,Macropus_robustusDiprotodontia,Macropodidae,Petrogale,concinna,Holotype,Australia,-19.643953,121.143352,924000,3.2,100,Petrogale_concinnaDiprotodontia,Phascolarctidae,Phascolarctos,cinereus,Holotype,Australia,-25.524633,151.252354,5113,3.3,80,Phascolarctos_cinereusDidelphimorphia,Didelphidae,Marmosa,quichua,Holotype,Peru,-13.531946,-71.967455,11000,3.3,60,Marmosa_quichuaDiprotodontia,Macropodidae,Thylogale,browni,Holotype,NA,-7,147.45,71000,3.7,80,Thylogale_browniDiprotodontia,Burramyidae,Acrobates,pygmaeus,Holotype,NA,-2.761523,131.593265,607000,3.2,100,Acrobates_pygmaeusDiprotodontia,Macropodidae,Dendrolagus,goodfellowi,Holotype,NA,-9.516656,148.066678,2374,3.6,60,Dendrolagus_goodfellowiDiprotodontia,Phalangeridae,Phalanger,sericeus,Holotype,NA,-8577741,146.777951,53000,3.5,80,Phalanger_sericeusDidelphimorphia,Didelphidae,Gracilinanus,emiliae,Holotype,Brazil,-4.556306,-53.37717,903000,3.2,100,Gracilinanus_emiliaeDidelphimorphia,Didelphidae,Philander,opossum,Holotype,Ecuador,-0.473476,-77.920832,309000,3.2,100,Philander_opossumDidelphimorphia,Didelphidae,Thylamys,venustus,Holotype,Bolivia,-16.952936,-67.146978,230530,4.2,80,Thylamys_venustusDiprotodontia,Phalangeridae,Phalanger,mimicus,Holotype,NA,-5.012222,141.347016,1222000,3.2,100,Phalanger_mimicusMonotremata,Tachyglossidae,Tachyglossus,aculeatus,Holotype,Australia,-31.794189,119.77815,36000,3.6,60,Tachyglossus_aculeatusDasyuromorphia,Dasyuridae,Dasyurus,hallucatus,Holotype,Australia,-15.48243,128.122961,22625,4.5,60,Dasyurus_hallucatusDiprotodontia,Macropodidae,Petrogale,lateralis,Holotype,Australia,-33.961707,134.266288,846,3.4,100,Petrogale_lateralisDiprotodontia,Macropodidae,Dorcopsis,hageni,Holotype,NA,-2.17108,137.899993,103000,3.5,80,Dorcopsis_hageniPeramelemorphia,Peramelidae,Perameles,bougainville,Holotype,Australia,-33.828911,138.483471,81000,3.7,60,Perameles_bougainvillePaucituberculata,Caenolestidae,Caenolestes,fuliginosus,Holotype,NA,4.781318,-74.23367,24000,3.7,60,Caenolestes_fuliginosusDiprotodontia,Macropodidae,Thylogale,stigmatica,Holotype,Australia,-18.144995,146.080832,26000,3.7,80,Thylogale_stigmaticaDiprotodontia,Potoroidae,Bettongia,lesueur,Holotype,Australia,-34.846111,138.503056,4270,3.3,60,Bettongia_lesueurDasyuromorphia,Dasyuridae,Sminthopsis,murina,Holotype,Australia,-34.846111,138.503056,4270,3.3,60,Sminthopsis_murinaDiprotodontia,Petauridae,Dactylopsila,trivirgata,Holotype,Australia,-10.734118,142.601861,1233,3.3,60,Dactylopsila_trivirgataDiprotodontia,Phalangeridae,Spilocuscus,maculatus,Lectotype,Australia,-10.734118,142.601861,1233,3.3,60,Spilocuscus_maculatusDiprotodontia,Macropodidae,Thylogale,stigmatica,Lectotype,NA,-10.734118,142.601861,1233,3.3,60,Thylogale_stigmaticaDiprotodontia,Macropodidae,Macropus,eugenii,Holotype,Australia,-11.360556,132.153333,30000,3.3,60,Macropus_eugeniiDiprotodontia,Petauridae,Petaurus,breviceps,Lectotype,Australia,-11.360556,132.153333,30000,3.3,60,Petaurus_brevicepsDiprotodontia,Macropodidae,Macropus,agilis,Holotype,Australia,-11.360556,132.153333,30000,3.3,60,Macropus_agilisDiprotodontia,Macropodidae,Macropus,agilis,Holotype,Australia,-11.360556,132.153333,30000,3.3,60,Macropus_agilisDiprotodontia,Macropodidae,Macropus,antilopinus,Lectotype,Australia,-11.360556,132.153333,30000,3.3,60,Macropus_antilopinusPeramelemorphia,Peramelidae,Isoodon,macrourus,Holotype,Australia,-11.360556,132.153333,30000,3.3,60,Isoodon_macrourusDiprotodontia,Macropodidae,Macropus,fuliginosus,Holotype,Australia,-11.360556,132.153333,30000,3.3,60,Macropus_fuliginosusDasyuromorphia,Dasyuridae,Dasyurus,hallucatus,Holotype,Australia,-11.360556,132.153333,30000,3.3,60,Dasyurus_hallucatusDiprotodontia,Pseudocheiridae,Pseudochirulus,canescens,Holotype,NA,-9.478472,147.148058,1251,3.3,60,Pseudochirulus_canescensDidelphimorphia,Didelphidae,Glironia,venusta,Holotype,Peru,-10.240107,-74.949528,117000,3.2,100,Glironia_venustaDidelphimorphia,Didelphidae,Marmosa,robinsoni,Holotype,Ecuador,-2.854854,-80.142855,29000,3.4,100,Marmosa_robinsoniDiprotodontia,Macropodidae,Macropus,eugenii,Holotype,Australia,-21.533404,133.177931,2176000,3.2,100,Macropus_eugeniiDiprotodontia,Macropodidae,Dendrolagus,matschiei,Holotype,NA,-6.533333,147.333333,259000,3.6,80,Dendrolagus_matschieiDiprotodontia,Burramyidae,Distoechurus,pennatus,Holotype,NA,-6.533333,147.333333,259000,3.6,80,Distoechurus_pennatusDiprotodontia,Pseudocheiridae,Psuedochirulus,larvatus,Syntype,NA,-6.533333,147.333333,259000,3.6,80,Psuedochirulus_larvatusDiprotodontia,Pseudocheiridae,Pseudochirulus,larvatus,Syntype,NA,-6.533333,147.333333,259000,3.6,80,Pseudochirulus_larvatusDidelphimorphia,Didelphidae,Marmosops,fuscatus,Holotype,Venezuela,8.48,-71.19,101000,3.2,100,Marmosops_fuscatusDidelphimorphia,Didelphidae,Gracilinanus,marica,Holotype,Venezuela,8.48,-71.19,101000,3.2,100,Gracilinanus_maricaDidelphimorphia,Didelphidae,Marmosops,impavidus,Holotype,Colombia,3.452981,-76.530907,152850,4.5,80,Marmosops_impavidusDidelphimorphia,Didelphidae,Didelphis,albiventris,Holotype,Brazil,-29.825238,-53.088721,438000,3.2,100,Didelphis_albiventrisDidelphimorphia,Didelphidae,Caluromys,derbianus,Holotype,Colombia,3.452981,-76.530907,152850,4.5,80,Caluromys_derbianusDidelphimorphia,Didelphidae,Marmosops,dorothea,Holotype,Bolivia,-12.833639,-66.640816,385000,3.2,100,Marmosops_dorotheaDasyuromorphia,Dasyuridae,Sminthopsis,fuliginosus,Lectotype,Australia,-31.785423,116.760999,85000,3.5,80,Sminthopsis_fuliginosusDasyuromorphia,Dasyuridae,Planigale,maculatus,Holotype,Australia,-29.362262,152.55466,85000,3.5,80,Planigale_maculatusDasyuromorphia,Dasyuridae,Planigale,maculatus,Holotype,Australia,-29.362262,152.55466,85000,3.5,80,Planigale_maculatusDiprotodontia,Macropodidae,Macropus,robustus,Lectotype,Australia,-32.163149,147.032209,7689000,3.2,100,Macropus_robustusDiprotodontia,Macropodidae,Petrogale,brachyotis,Holotype,Australia,-14.585612,134.339059,140000,3.5,60,Petrogale_brachyotisDiprotodontia,Macropodidae,Macropus,robustus,Holotype,Australia,-12.533974,132.423548,37000,3.5,80,Macropus_robustusDiprotodontia,Potoroidae,Caloprymnus,campestris,Holotype,NA,-30.058333,135.763333,2241000,3.2,100,Caloprymnus_campestrisDiprotodontia,Potoroidae,Caloprymnus,campestris,Holotype,NA,-30.058333,135.763333,2241000,3.2,100,Caloprymnus_campestrisDiprotodontia,Vombatidae,Lasiorhinus,latifrons,Holotype,Australia,-30.058333,135.763333,2241000,3.2,100,Lasiorhinus_latifronsDiprotodontia,Macropodidae,Macropus,greyi,Lectotype,Australia,-30.058333,135.763333,2241000,3.2,100,Macropus_greyiDiprotodontia,Macropodidae,Macropus,greyi,Lectotype,Australia,-30.058333,135.763333,2241000,3.2,100,Macropus_greyiDiprotodontia,Macropodidae,Dorcopsis,luctuosa,Holotype,NA,-8.669764,147.486706,410000,3.2,100,Dorcopsis_luctuosaDiprotodontia,Pseudocheiridae,Pseudocheirus,peregrinus,Holotype,Australia,-32.163149,147.032209,7689000,3.2,100,Pseudocheirus_peregrinusMonotremata,Tachyglossidae,Zaglossus,bruijni,Holotype,NA,-1.106667,130.866389,30000,3.4,100,Zaglossus_bruijniDiprotodontia,Phalangeridae,Phalanger,orientalis,Holotype,Australia,-10.573738,161.809697,70000,3.4,100,Phalanger_orientalisDidelphimorphia,Didelphidae,Marmosa,robinsoni,Holotype,Venezuela,10.422555,-68.011801,1479,3.3,60,Marmosa_robinsoniDidelphimorphia,Didelphidae,Caluromys,derbianus,Holotype,Mexico,18.820283,-96.713039,143,3.3,20,Caluromys_derbianusDidelphimorphia,Didelphidae,Marmosa,murina,Holotype,Peru,-4.830833,-76.554167,6983,3.3,60,Marmosa_murinaDidelphimorphia,Didelphidae,Lutreolina,crassicaudata,Holotype,Brazil,-29.825238,-53.088721,438000,3.2,100,Lutreolina_crassicaudataDidelphimorphia,Didelphidae,Micoureus,phaeus,Holotype,Colombia,1.6692,-77.0129,550,3.3,60,Micoureus_phaeusDidelphimorphia,Didelphidae,Micoureus,constantiae,Holotype,Brazil,-15.338779,-55.728013,48280,4.3,80,Micoureus_constantiaeDidelphimorphia,Didelphidae,Philander,opossum,Holotype,Bolivia,-17.81459,-63.156084,44000,3.3,60,Philander_opossumDidelphimorphia,Didelphidae,Philander,opossum,Holotype,Bolivia,-17.81459,-63.156084,44000,3.3,60,Philander_opossumDidelphimorphia,Didelphidae,Marmosa,lepida,Holotype,Peru,-5.900771,-76.112904,3933,3.3,60,Marmosa_lepidaDidelphimorphia,Didelphidae,Marmosa,robinsoni,Holotype,Ecuador,-0.254167,-79.171944,10000,3.3,80,Marmosa_robinsoniDidelphimorphia,Didelphidae,Gracilinanus,agilis,Holotype,Paraguay,-25.667778,-56.955556,2492,3.3,60,Gracilinanus_agilisDidelphimorphia,Didelphidae,Metachirus,nudicaudatus,Holotype,Paraguay,-25.667778,-56.955556,2492,3.3,60,Metachirus_nudicaudatusDidelphimorphia,Didelphidae,Philander,frenatus,Holotype,Paraguay,-25.667778,-56.955556,2492,3.3,60,Philander_frenatusDidelphimorphia,Didelphidae,Caluromys,lanatus,Holotype,Ecuador,-1.635702,-77.086676,168000,3.2,100,Caluromys_lanatusDidelphimorphia,Didelphidae,Micoureus,regina,Holotype,Ecuador,-1.635702,-77.086676,168000,3.2,100,Micoureus_reginaDiprotodontia,Macropodidae,Dorcopsulus,vanheurni,Holotype,NA,-6.310833,147.090833,221000,3.6,60,Dorcopsulus_vanheurniMonotremata,Tachyglossidae,Zaglossus,bartoni,Holotype,NA,-6.310833,147.090833,221000,3.6,60,Zaglossus_bartoniDiprotodontia,Phalangeridae,Phalanger,carmelitae,Holotype,NA,-6.310833,147.090833,221000,3.6,60,Phalanger_carmelitaeDiprotodontia,Macropodidae,Thylogale,lanatus,Holotype,NA,-6.310833,147.090833,221000,3.6,60,Thylogale_lanatusDasyuromorphia,Dasyuridae,Murexia,longicaudata,Holotype,NA,-6.483333,147.766668,516,3.3,40,Murexia_longicaudataDiprotodontia,Macropodidae,Macropus,rufus,Holotype,Australia,-21.240911,119.27854,101000,3.5,80,Macropus_rufusDiprotodontia,Macropodidae,Macropus,rufus,Holotype,Australia,-25.734969,134.489563,2302000,3.1,100,Macropus_rufusDiprotodontia,Pseudocheiridae,Psuedochirulus,forbesi,Holotype,NA,-9.5365,147.441925,20000,3.6,60,Psuedochirulus_forbesiDasyuromorphia,Dasyuridae,Antechinus,bellus,Holotype,Australia.,-12.533974,132.423548,37000,3.5,80,Antechinus_bellusDasyuromorphia,Dasyuridae,Phascogale,tapoatafa,Holotype,Australia,-12.533974,132.423548,37000,3.5,80,Phascogale_tapoatafaDiprotodontia,Phalangeridae,Phalanger,meeki,Holotype,NA,-10.670276,152.720637,22000,3.3,80,Phalanger_meekiDidelphimorphia,Didelphidae,Metachirus,nudicaudatus,Holotype,Ecuador,0.955593,-78.925331,80467,4.3,60,Metachirus_nudicaudatusDasyuromorphia,Dasyuridae,Sminthopsis,hirtipes,Holotype,NA,-25,133.5,188150,3.2,80,Sminthopsis_hirtipesDiprotodontia,Macropodidae,Macropus,parryi,Holotype,Australia,-32.4,151.966667,16000,3.3,60,Macropus_parryiDidelphimorphia,Didelphidae,Thylamys,sponsorius,Holotype,Argentina,-27.442775,-66.467777,348000,3.6,80,Thylamys_sponsoriusDiprotodontia,Macropodidae,Macropus,eugenii,Holotype,Australia,-31.923247,115.939538,25000,3.5,80,Macropus_eugeniiDiprotodontia,Macropodidae,Petrogale,lateralis,Lectotype,Australia,-31.923247,115.939538,25000,3.5,80,Petrogale_lateralisDiprotodontia,Macropodidae,Petrogale,lateralis,Lectotype,Australia,-31.923247,115.939538,25000,3.5,80,Petrogale_lateralisDiprotodontia,Tarsipedidae,Tarsipes,rostratus,Syntype ?,Australia,-31.923247,115.939538,25000,3.5,80,Tarsipes_rostratusDiprotodontia,Tarsipedidae,Tarsipes,rostratus,Syntype ?,Australia,-31.923247,115.939538,25000,3.5,80,Tarsipes_rostratusDiprotodontia,Tarsipedidae,Tarsipes,rostratus,Syntype ?,Australia,-31.923247,115.939538,25000,3.5,80,Tarsipes_rostratusDasyuromorphia,Mymecobiidae,Mymecobius,fasciatus,Neotype,Australia,-31.923247,115.939538,25000,3.5,80,Mymecobius_fasciatusDasyuromorphia,Mymecobiidae,Mymecobius,fasciatus,Holotype,Australia,-31.923247,115.939538,25000,3.5,80,Mymecobius_fasciatusDiprotodontia,Macropodidae,Macropus,fuliginosus,Lectotype,Australia,-31.923247,115.939538,25000,3.5,80,Macropus_fuliginosusDiprotodontia,Macropodidae,Macropus,irma,Holotype,Australia,-31.923247,115.939538,25000,3.5,80,Macropus_irmaDiprotodontia,Macropodidae,Onychogalea,lunata,Holotype,Australia,-31.923247,115.939538,25000,3.5,80,Onychogalea_lunataDiprotodontia,Potoroidae,Bettongia,lesueur,Holotype,Australia,-31.923247,115.939538,25000,3.5,80,Bettongia_lesueurDiprotodontia,Burramyidae,Cercartetus,concinnus,Lectotype,Australia,-31.923247,115.939538,25000,3.5,80,Cercartetus_concinnusDasyuromorphia,Dasyuridae,Parantechinus,apicalis,Holotype,Australia,-33.868806,151.209306,65000,3.3,80,Parantechinus_apicalisDasyuromorphia,Dasyuridae,Parantechinus,apicalis,Holotype,Australia,-33.868806,151.209306,65000,3.3,80,Parantechinus_apicalisDidelphimorphia,Didelphidae,Marmosops,noctivagus,Holotype,Peru,-6.799412,-77.867661,64374,4.3,60,Marmosops_noctivagusDidelphimorphia,Didelphidae,Monodelphis,iheringi,Holotype,Brazil,-29.650971,-50.775783,5595,3.3,60,Monodelphis_iheringiDidelphimorphia,Didelphidae,Monodelphis,sorex,Holotype,Brazil,-29.650971,-50.775783,5595,3.3,60,Monodelphis_sorexDasyuromorphia,Dasyuridae,Antechinus,minimus,Syntype,Australia,-43.085294,147.798338,24000,3.7,80,Antechinus_minimusDiprotodontia,Burramyidae,Cercartetus,lepidus,Holotype,Australia,-42.021389,146.593333,353000,3.2,100,Cercartetus_lepidusDiprotodontia,Burramyidae,Cercartetus,nanus,Syntype,Australia,-42.021389,146.593333,353000,3.2,100,Cercartetus_nanusDiprotodontia,Pseudocheiridae,Pseudocheirus,peregrinus,Holotype,Australia,-42.021389,146.593333,353000,3.2,100,Pseudocheirus_peregrinusDiprotodontia,Macropodidae,Thylogale,billardierii,Holotype,Australia,-42.021389,146.593333,353000,3.2,100,Thylogale_billardieriiDiprotodontia,Macropodidae,Thylogale,billardierii,Holotype,Australia,-42.021389,146.593333,353000,3.2,100,Thylogale_billardieriiDiprotodontia,Phalangeridae,Trichosurus,vulpecula,Holotype,NA,-42.021389,146.593333,353000,3.2,100,Trichosurus_vulpeculaDiprotodontia,Vombatidae,Vombatus,ursinus,Holotype,NA,-42.021389,146.593333,353000,3.2,100,Vombatus_ursinusDiprotodontia,Vombatidae,Vombatus,ursinus,Holotype,Australia,-42.021389,146.593333,353000,3.2,100,Vombatus_ursinusDiprotodontia,Phalangeridae,Trichosurus,vulpecula,Holotype,NA,-42.021389,146.593333,353000,3.2,100,Trichosurus_vulpeculaDidelphimorphia,Didelphidae,Tlacuatzin,canescens,Holotype,Mexico,25.17211,-107.479516,361000,3.2,100,Tlacuatzin_canescensDiprotodontia,Petauridae,Dactylopsila,megalura,Syntype,NA,-3.870769,135.870833,92000,3.6,60,Dactylopsila_megaluraDasyuromorphia,Dasyuridae,Phascolosorex,dorsalis,Holotype,NA,-3.870769,135.870833,92000,3.6,60,Phascolosorex_dorsalisDidelphimorphia,Didelphidae,Monodelphis,theresa,Holotype,Brazil,-22.292433,-42.864783,24000,3.3,60,Monodelphis_theresaDidelphimorphia,Didelphidae,Gracilinanus,agilis,Holotype,Peru,-9.295278,-75.9975,4900,3.3,60,Gracilinanus_agilisDasyuromorphia,Dasyuridae,Murexechinus,melanurus,Holotype,NA,-5.66828,144.072778,857000,3.6,80,Murexechinus_melanurusDidelphimorphia,Didelphidae,Thylamys,cinderella,Holotype,Argentina,-27.067355,-65.419616,131000,3.2,80,Thylamys_cinderellaDidelphimorphia,Didelphidae,Micoureus,regina,Holotype,Peru,-8.606111,-74.313889,18480,4.5,60,Micoureus_reginaDiprotodontia,Pseudocheiridae,Pseudocheirus,corinnae,Holotype,NA,-8.439237,147.844763,50000,3.5,60,Pseudocheirus_corinnaeDiprotodontia,Pseudocheiridae,Pseudocheirus,peregrinus,Holotype,NA,-32.163149,147.032209,7689000,3.2,100,Pseudocheirus_peregrinusDiprotodontia,Pseudocheiridae,Pseudocheirus,corinnae,Paralectotype,NA,-8.961051,147.333672,19000,3.5,80,Pseudocheirus_corinnaeDiprotodontia,Phalangeridae,Phalanger,gymnotis,Holotype,NA,-8.961051,147.333672,19000,3.5,80,Phalanger_gymnotisDiprotodontia,Phalangeridae,Phalanger,carmelitae,Holotype,NA,-8.961051,147.333672,19000,3.5,80,Phalanger_carmelitaeMonotremata,Tachyglossidae,Zaglossus,bartoni,Holotype,NA,-8.002983,147.324855,61000,3.5,80,Zaglossus_bartoniDidelphimorphia,Didelphidae,Philander,andersoni,Holotype,Peru,-11.499309,-74.89505,243000,3.2,100,Philander_andersoniDasyuromorphia,Dasyuridae,Dasyurus,hallucatus,Holotype,Australia,-10.832235,142.462432,18000,4.1,60,Dasyurus_hallucatusPeramelemorphia,Peramelidae,Isoodon,obesulus,Holotype,Australia,-10.832235,142.462432,18000,4.1,60,Isoodon_obesulusDidelphimorphia,Didelphidae,Thylamys,elegans,Holotype,Chile,-33.04723,-71.612689,5280,3.3,60,Thylamys_elegansPeramelemorphia,Peramelidae,Macrotis,lagotis,Holotype,Australia,-42.021389,146.593333,353000,3.2,100,Macrotis_lagotisPeramelemorphia,Peramelidae,Perameles,gunni,Holotype,Australia,-42.021389,146.593333,353000,3.2,100,Perameles_gunniDasyuromorphia,Dasyuridae,Sminthopsis,leucopus,Holotype,Australia,-42.021389,146.593333,353000,3.2,100,Sminthopsis_leucopusDasyuromorphia,Dasyuridae,Sminthopsis,leucopus,Holotype,Australia,-42.021389,146.593333,353000,3.2,100,Sminthopsis_leucopusDasyuromorphia,Dasyuridae,Antechinus,swainsonii,Holotype,Australia,-42.021389,146.593333,353000,3.2,100,Antechinus_swainsoniiDasyuromorphia,Dasyuridae,Antechinus,swainsonii,Holotype,Australia,-42.021389,146.593333,353000,3.2,100,Antechinus_swainsoniiMonotremata,Ornithorhynchidae,Ornithorhyncus,anatinus,Holotype,Australia,-36.096005,145.142898,40000,3.8,60,Ornithorhyncus_anatinusDidelphimorphia,Didelphidae,Micoureus,regina,Holotype,Peru,-13.326226,-71.961265,22770,4.2,80,Micoureus_reginaDidelphimorphia,Didelphidae,Micoureus,demerarae,Holotype,Brazil,-4.416667,-56.283333,22000,3.3,60,Micoureus_demeraraeDidelphimorphia,Didelphidae,Marmosops,noctivagus,Holotype,Brazil,-4.416667,-56.283333,22000,3.3,60,Marmosops_noctivagusDidelphimorphia,Didelphidae,Micoureus,paraguayanus,Holotype,Paraguay,-25.7761,-56.4496,5794,3.3,60,Micoureus_paraguayanusPeramelemorphia,Peramelidae,Perameles,nasuta,Holotype,Australia,-17.609166,145.483611,1969,3.3,40,Perameles_nasutaDiprotodontia,Pseudocheiridae,Pseudocheirus,peregrinus,Holotype,Australia,-17.609166,145.483611,1969,3.3,40,Pseudocheirus_peregrinusDiprotodontia,Phalangeridae,Wyulda,squamicaudata,Holotype,Australia,-17.268093,127.559563,565000,3.2,80,Wyulda_squamicaudataDidelphimorphia,Didelphidae,Micoureus,regina,Holotype,Colombia,4.876006,-74.46462,127000,3.2,60,Micoureus_reginaDidelphimorphia,Didelphidae,Monodelphis,adusta,Holotype,Colombia,4.876006,-74.46462,127000,3.2,60,Monodelphis_adustaPeramelemorphia,Peramelidae,Chaeropus,ecaudatus,Holotype,Australia,-31.179359,117.189859,72420,4.3,60,Chaeropus_ecaudatusDiprotodontia,Macropodidae,Macropus,eugenii,Holotype,Australia,-31.28015,117.18529,64374,4.3,60,Macropus_eugeniiDiprotodontia,Macropodidae,Macropus,eugenii,Holotype,Australia,-31.28015,117.18529,64374,4.3,60,Macropus_eugeniiDiprotodontia,Macropodidae,Potorous,platyops,Holotype,Australia,-31.28015,117.18529,64374,4.3,60,Potorous_platyopsDiprotodontia,Macropodidae,Potorous,platyops,Holotype,Australia,-31.28015,117.18529,64374,4.3,60,Potorous_platyopsDidelphimorphia,Didelphidae,Marmosa,murina,Holotype,West Indies,10.4806,-61.4684,689,3.3,40,Marmosa_murinaDasyuromorphia,Dasyuridae,Phascogale,calura,Holotype,Australia,-33.126232,116.763464,37000,3.5,60,Phascogale_caluraDasyuromorphia,Dasyuridae,Phascogale,calura,Holotype,Australia,-33.126232,116.763464,37000,3.5,60,Phascogale_caluraDasyuromorphia,Dasyuridae,Sminthopsis,crassicaudata,Holotype,Australia,-33.126232,116.763464,37000,3.5,60,Sminthopsis_crassicaudataDasyuromorphia,Dasyuridae,Sminthopsis,crassicaudata,Holotype,Australia,-33.126232,116.763464,37000,3.5,60,Sminthopsis_crassicaudataDiprotodontia,Macropodidae,Dendrolagus,dorianus,Holotype,NA,-2.733274,134.584177,32000,3.6,60,Dendrolagus_dorianusDiprotodontia,Macropodidae,Lagostrophus,fasciatus,Lectotype,Australia,-30.832966,116.691799,11000,3.2,80,Lagostrophus_fasciatusDiprotodontia,Macropodidae,Lagostrophus,fasciatus,Lectotype,Australia,-30.832966,116.691799,11000,3.2,80,Lagostrophus_fasciatusDiprotodontia,Phalangeridae,Phalanger,lullulae,Holotype,NA,-9.120833,152.736111,37000,3.4,100,Phalanger_lullulaeDiprotodontia,Macropodidae,Lagorchestes,hirsutus,Holotype,Australia,-31.925725,116.706552,44000,3.2,80,Lagorchestes_hirsutusDiprotodontia,Macropodidae,Lagorchestes,hirsutus,Holotype,Australia,-31.925725,116.706552,44000,3.2,80,Lagorchestes_hirsutusDiprotodontia,Potoroidae,Bettongia,penicillata,Holotype,Australia,-31.925725,116.706552,44000,3.2,80,Bettongia_penicillataDidelphimorphia,Didelphidae,Caluromys,philander,Holotype,Venezuela,10.456389,-64.1675,14000,3.3,40,Caluromys_philanderDidelphimorphia,Didelphidae,Marmosops,noctivagus,Holotype,Peru,-5.917501,-77.218953,7037,4.3,60,Marmosops_noctivagus